106	PASS	-	2914318005	2026-09-17T07:29:22Z
107	PASS	-	2920085712	2026-09-17T07:49:37Z
108	PASS	-	2918709911	2026-09-17T07:49:53Z
121	VALIDATION_FAILED	V3_pe_calibration,V8_catalog_edge_clears_pe_support	2918532238	2026-09-17T07:49:58Z
119	VALIDATION_FAILED	V8_catalog_edge_clears_pe_support	2918988150	2026-09-17T07:49:59Z
122	PASS	-	2920012766	2026-09-17T07:50:01Z
117	PASS	-	2919611565	2026-09-17T07:50:04Z
111	PASS	-	2919086484	2026-09-17T07:50:05Z
113	VALIDATION_FAILED	V8_catalog_edge_clears_pe_support	2920157828	2026-09-17T07:50:07Z
115	PASS	-	2919255835	2026-09-17T07:50:08Z
114	VALIDATION_FAILED	V8_catalog_edge_clears_pe_support	2915562917	2026-09-17T07:50:11Z
116	VALIDATION_FAILED	V8_catalog_edge_clears_pe_support	2921099470	2026-09-17T07:50:12Z
109	PASS	-	2920727743	2026-09-17T07:50:13Z
110	PASS	-	2919788034	2026-09-17T07:50:14Z
112	VALIDATION_FAILED	V8_catalog_edge_clears_pe_support	2921382122	2026-09-17T07:50:14Z
120	VALIDATION_FAILED	V8_catalog_edge_clears_pe_support	2921735226	2026-09-17T07:50:57Z
118	VALIDATION_FAILED	V8_catalog_edge_clears_pe_support	2920033226	2026-09-17T07:51:01Z
126	VALIDATION_FAILED	V8_catalog_edge_clears_pe_support	2914137746	2026-09-17T08:09:00Z
123	PASS	-	2919858465	2026-09-17T08:09:00Z
124	PASS	-	2918956789	2026-09-17T08:09:09Z
127	PASS	-	2919489649	2026-09-17T08:09:12Z
125	PASS	-	2915998936	2026-09-17T08:09:13Z
128	PASS	-	2914265513	2026-09-17T08:09:23Z
129	PASS	-	2919758460	2026-09-17T08:09:26Z
130	VALIDATION_FAILED	V8_catalog_edge_clears_pe_support	2919698267	2026-09-17T08:09:28Z
134	PASS	-	2916339202	2026-09-17T08:09:29Z
132	PASS	-	2917999319	2026-09-17T08:09:32Z
131	PASS	-	2920341458	2026-09-17T08:09:33Z
133	VALIDATION_FAILED	V8_catalog_edge_clears_pe_support	2919886583	2026-09-17T08:09:36Z
135	PASS	-	2920719186	2026-09-17T08:09:48Z
136	PASS	-	2919246644	2026-09-17T08:10:09Z
138	VALIDATION_FAILED	V8_catalog_edge_clears_pe_support	2920113346	2026-09-17T08:10:12Z
137	PASS	-	2921320953	2026-09-17T08:10:29Z
144	PASS	-	2920335285	2026-09-17T08:28:19Z
140	PASS	-	2918147199	2026-09-17T08:28:23Z
139	VALIDATION_FAILED	V8_catalog_edge_clears_pe_support	2919069390	2026-09-17T08:28:31Z
141	PASS	-	2919606452	2026-09-17T08:28:36Z
142	VALIDATION_FAILED	V8_catalog_edge_clears_pe_support	2918658021	2026-09-17T08:28:37Z
145	PASS	-	2919051030	2026-09-17T08:28:45Z
146	VALIDATION_FAILED	V8_catalog_edge_clears_pe_support	2919500989	2026-09-17T08:28:46Z
149	PASS	-	2919509818	2026-09-17T08:28:52Z
148	VALIDATION_FAILED	V8_catalog_edge_clears_pe_support	2919178924	2026-09-17T08:29:03Z
147	PASS	-	2915217233	2026-09-17T08:29:08Z
153	VALIDATION_FAILED	V8_catalog_edge_clears_pe_support	2919231283	2026-09-17T08:29:12Z
150	VALIDATION_FAILED	V8_catalog_edge_clears_pe_support	2918448456	2026-09-17T08:29:13Z
151	PASS	-	2919193568	2026-09-17T08:29:19Z
143	PASS	-	2918843357	2026-09-17T08:29:37Z
154	PASS	-	2920008409	2026-09-17T08:29:57Z
152	PASS	-	2919710685	2026-09-17T08:30:38Z
156	VALIDATION_FAILED	V8_catalog_edge_clears_pe_support	2920396497	2026-09-17T08:47:28Z
161	PASS	-	2918934451	2026-09-17T08:47:49Z
155	PASS	-	2917324851	2026-09-17T08:47:53Z
157	PASS	-	2920105416	2026-09-17T08:47:53Z
159	VALIDATION_FAILED	V8_catalog_edge_clears_pe_support	2920508313	2026-09-17T08:47:57Z
158	PASS	-	2920129273	2026-09-17T08:48:09Z
160	PASS	-	2917821462	2026-09-17T08:48:15Z
162	VALIDATION_FAILED	V8_catalog_edge_clears_pe_support	2919689381	2026-09-17T08:48:15Z
166	PASS	-	2921064903	2026-09-17T08:48:29Z
163	VALIDATION_FAILED	V8_catalog_edge_clears_pe_support	2913752398	2026-09-17T08:48:32Z
164	PASS	-	2919887980	2026-09-17T08:48:33Z
165	PASS	-	2920392561	2026-09-17T08:48:36Z
167	VALIDATION_FAILED	V8_catalog_edge_clears_pe_support	2919551513	2026-09-17T08:48:54Z
169	VALIDATION_FAILED	V8_catalog_edge_clears_pe_support	2920638366	2026-09-17T08:49:33Z
168	VALIDATION_FAILED	V8_catalog_edge_clears_pe_support	2920341123	2026-09-17T08:50:14Z
170	PASS	-	2920219266	2026-09-17T08:51:03Z
171	VALIDATION_FAILED	V8_catalog_edge_clears_pe_support	2919930527	2026-09-17T09:06:32Z
172	PASS	-	2919266191	2026-09-17T09:06:44Z
173	PASS	-	2919361728	2026-09-17T09:07:15Z
175	VALIDATION_FAILED	V8_catalog_edge_clears_pe_support	2919381981	2026-09-17T09:07:28Z
174	PASS	-	2917308755	2026-09-17T09:07:28Z
178	PASS	-	2919966325	2026-09-17T09:07:42Z
176	VALIDATION_FAILED	V8_catalog_edge_clears_pe_support	2918478089	2026-09-17T09:07:45Z
177	VALIDATION_FAILED	V4_catalog_densities_and_clustering	2918525242	2026-09-17T09:07:51Z
180	PASS	-	2920445495	2026-09-17T09:07:56Z
181	VALIDATION_FAILED	V8_catalog_edge_clears_pe_support	2920257991	2026-09-17T09:08:01Z
179	PASS	-	2918972292	2026-09-17T09:08:06Z
182	VALIDATION_FAILED	V8_catalog_edge_clears_pe_support	2919415491	2026-09-17T09:08:11Z
183	PASS	-	2921095208	2026-09-17T09:08:32Z
184	PASS	-	2920679110	2026-09-17T09:09:06Z
185	VALIDATION_FAILED	V8_catalog_edge_clears_pe_support	2918222994	2026-09-17T09:10:34Z
186	VALIDATION_FAILED	V8_catalog_edge_clears_pe_support	2920466547	2026-09-17T09:11:27Z
188	VALIDATION_FAILED	V8_catalog_edge_clears_pe_support	2910747675	2026-09-17T09:25:49Z
187	PASS	-	2912394490	2026-09-17T09:25:50Z
189	PASS	-	2920160509	2026-09-17T09:26:36Z
190	PASS	-	2919184805	2026-09-17T09:26:51Z
191	PASS	-	2918173316	2026-09-17T09:26:54Z
192	PASS	-	2921115437	2026-09-17T09:27:03Z
194	PASS	-	2918772408	2026-09-17T09:27:12Z
195	PASS	-	2919003382	2026-09-17T09:27:13Z
193	PASS	-	2920245881	2026-09-17T09:27:14Z
196	VALIDATION_FAILED	V8_catalog_edge_clears_pe_support	2919796926	2026-09-17T09:27:30Z
197	PASS	-	2918871052	2026-09-17T09:27:32Z
198	VALIDATION_FAILED	V8_catalog_edge_clears_pe_support	2918057282	2026-09-17T09:27:44Z
199	PASS	-	2918605336	2026-09-17T09:28:13Z
